,Filename,Test Code
0,https://omeroweb.jax.org/webgateway/img_detail/415544,3594629
1,https://omeroweb.jax.org/webgateway/img_detail/415545,3594629
2,https://omeroweb.jax.org/webgateway/img_detail/415546,3594656
3,https://omeroweb.jax.org/webgateway/img_detail/415547,3594656
4,https://omeroweb.jax.org/webgateway/img_detail/415548,3594680
5,https://omeroweb.jax.org/webgateway/img_detail/415549,3594680
6,https://omeroweb.jax.org/webgateway/img_detail/415550,3594730
7,https://omeroweb.jax.org/webgateway/img_detail/415551,3595158
8,https://omeroweb.jax.org/webgateway/img_detail/415552,3595158
9,https://omeroweb.jax.org/webgateway/img_detail/415553,3595606
10,https://omeroweb.jax.org/webgateway/img_detail/415554,3595606
11,https://omeroweb.jax.org/webgateway/img_detail/415555,3594866
12,https://omeroweb.jax.org/webgateway/img_detail/415556,3594866
13,https://omeroweb.jax.org/webgateway/img_detail/415557,3594893
14,https://omeroweb.jax.org/webgateway/img_detail/415558,3594893
